{
  "F": {
    "count": 10240,
    "mean": -0.2638671875,
    "std": 212.2813618815587,
    "min": -874,
    "q1": -143,
    "median": 1,
    "q3": 141,
    "max": 759,
    "iqr": 284,
    "skewness": -0.0010548279634926064,
    "kurtosis_excess": 0.03224087515023877
  },
  "G": {
    "count": 10240,
    "mean": -0.1259765625,
    "std": 211.2738420640043,
    "min": -870,
    "q1": -141,
    "median": -1,
    "q3": 143,
    "max": 778,
    "iqr": 284,
    "skewness": -0.030800958259898994,
    "kurtosis_excess": 0.0645418840530021
  },
  "f": {
    "count": 10240,
    "mean": -0.1931640625,
    "std": 22.96332256383376,
    "min": -92,
    "q1": -15,
    "median": 0,
    "q3": 15,
    "max": 82,
    "iqr": 30,
    "skewness": -0.0397279842316989,
    "kurtosis_excess": 0.09450407617061174
  },
  "g": {
    "count": 10240,
    "mean": -0.0962890625,
    "std": 22.825244836245915,
    "min": -82,
    "q1": -16,
    "median": 0,
    "q3": 16,
    "max": 95,
    "iqr": 32,
    "skewness": -0.05518835019599981,
    "kurtosis_excess": -0.0454549600725449
  },
  "h": {
    "count": 10240,
    "mean": 250.327734375,
    "std": 297298.3783159525,
    "min": -519146,
    "q1": -257091,
    "median": 802,
    "q3": 256695.25,
    "max": 519070,
    "iqr": 513786.25,
    "skewness": -0.011042942983293723,
    "kurtosis_excess": -1.1831929966186143
  },
  "s0": {
    "count": 10240,
    "mean": -5101.6287109375,
    "std": 300013.13815285865,
    "min": -519146,
    "q1": -264896.75,
    "median": -8432.5,
    "q3": 252390.5,
    "max": 519106,
    "iqr": 517287.25,
    "skewness": 0.02041454684878498,
    "kurtosis_excess": -1.1913834006877155
  },
  "s1": {
    "count": 10240,
    "mean": 15.92666015625,
    "std": 2597.869905122654,
    "min": -9106,
    "q1": -1748.25,
    "median": -25,
    "q3": 1783.25,
    "max": 9680,
    "iqr": 3531.5,
    "skewness": 0.02681149053278089,
    "kurtosis_excess": -0.06400185701382588
  },
  "s2": {
    "count": 10240,
    "mean": 39.245703125,
    "std": 2587.747202552022,
    "min": -10657,
    "q1": -1714.25,
    "median": 34,
    "q3": 1784.5,
    "max": 9780,
    "iqr": 3498.75,
    "skewness": -0.006150068137851665,
    "kurtosis_excess": 0.0487440088247717
  }
}