{
  "n": 1024,
  "q": 1038337,
  "base": 2,
  "k": 20,
  "sigma_t": 13.734000000000002,
  "sigma": 4.578,
  "bound": 7053.998827802701,
  "beta": 7054
}
